"Expiration date is not valid", "Data de validade inválida"
"Cardholder name is not valid", "O nome do titular do cartão não é válido"
Se a configuração"==================== CREDENTIALS CONFIGURATION PAGE =====================","================================================"
"Credentials","Credenciais"
"Get your credentials terminal_code and terminal_password, visit the country in which your account was created: <a href=""https://www.unlimit.com/mla/account/credentials"" target=""_blank"">Argentina</a>, <a href=""https://www.unlimit.com/mlb/account/credentials"" target=""_blank"">Brazil</a>, <a href=""https://www.unlimit.com/mlc/account/credentials"" target=""_blank"">Chile</a>, <a href=""https://www.unlimit.com/mco/account/credentials"" target=""_blank"">Colombia</a>, <a href=""https://www.unlimit.com/mlm/account/credentials"" target=""_blank"">Mexico</a>, <a href=""https://www.unlimit.com/mlu/account/credentials"" target=""_blank"">Uruguay</a> and <a href=""https://www.unlimit.com/mpe/account/credentials"" target=""_blank"">Peru</a>.","Obtenha as credenciais access_token e public_key do Cardpay, acessando o link de acordo com o país onde a sua conta foi criada: <a href="https://www.unlimit.com/mla/account/credentials" target="_blank">Argentina</a>, <a href="https://www.unlimit.com/mlb/account/credentials" target="_blank">Brazil</a>, <a href="https://www.unlimit.com/mlc/account/credentials" target="_blank">Chile</a>, <a href="https://www.unlimit.com/mco/account/credentials" target="_blank">Colombia</a>, <a href="https://www.unlimit.com/mlm/account/credentials" target="_blank">Mexico</a>, <a href="https://www.unlimit.com/mlu/account/credentials" target="_blank">Uruguay</a> ou <a href="https://www.unlimit.com/mpe/account/credentials" target="_blank">Peru</a>."
"==================== ORDER MANAGEMENT CONFIGURATION PAGE =====================","================================================"
"Order management","Gerenciamento de orden"
"Order status when payment is approved","Status do pedido quando o status do pagamento é approved"
"Order status when payment is in_process","Status do pedido quando o status do pagamento é in_process"
"Order status when payment is pending","Status do pedido quando o status do pagamento é pending"
"Order status when payment is rejected","Status do pedido quando o status do pagamento é rejected"
"Order status when payment is canceled","Status do pedido quando o status do pagamento é canceled"
"Order status when payment is chargeback","Status do pedido quando o status do pagamento é chargeback"
"Order status when payment is in_mediation","Status do pedido quando o status do pagamento é in_mediation"
"Order status when payment is refunded","Status do pedido quando o status do pagamento é refunded"
"Order status when payment is partually refunded","Status do pedido quando o status do pagamento é partially_refunded"
"Refund payment","Pagamento de reembolso"
"Enable payment refund when a Credit Memo is created, the refund will occur if the payment is Approved.","Habilita a devolução de pagamentos quando é criado uma Credit Memo. A devolução ocorrerá se o status do pagamento for aprovado."
"Cancel payment","Cancelar pagamento"

"==================== CUSTOM CHECKOUT CONFIGURATION PAGE =====================","================================================"
"Custom Checkout - Credit and Debit Card","Custom Checkout - Cartão de Crédito"
"Enabled","Habilitado"
"It is a requirement that you have a SSL certificate, and the payment form to be provided under an HTTPS page. During the sandbox mode tests, you can operate over HTTP, but for homologation you'll need to acquire the certificate in case you don't have it.","É um requisito que tenha um certificado SSL e que o formulário de pagamentos esteja sobre uma página HTTPS. Durante os testes em modo sandbox o ambiente poderá ser HTTP, mas para a homologação, deverá adquirir o certificado."
"Payment title","Nome do tipo de pagamento"
"Statement descriptor","Identificação na fatura."
"Text that will identify the payment on the credit card invoice, this functionality is limited to some countries.","Texto que identificará o pagamento na fatura do cartão de crédito, essa funcionalidade não está disponível en todos os países."
"Binary Mode","Modo binario"
"This functionality will mark the payment to approve or reject at the time it is created, there will be no intermediate status pending.","Esse modo de processamento terá apenas pagamentos com status aprovados ou rejeitados. Não existirá status intermediarios como in_proccess ou pending."
"Banner Checkout","Banner Checkout"
"Checkout position","Posição do método de pagamento no checkout"
"By default the module of Unlimit will configure a banner with the methods available according to your country, in case you want to customize it simply change the url of the image.","Por padrão, o módulo do Unlimit irá configurar um banner com os métodos disponíveis de acordo com o seu país, se você quiser personalizá-lo, basta alterar o URL da imagem."

"==================== CUSTOM CHECKOUT OFFLINE CONFIGURATION PAGE =====================","================================================"
"Custom Checkout - Offline Payments Methods (Ticket)","Custom Checkout - Métodos de Pagamento Offline (Boleto e PEC)"
"Enabled","Habilitado"
"Banner Checkout","Banner Checkout"
"Exclude Payment Methods","Excluir métodos de pagamento"
"Select the payment methods you do NOT want to accept.","Selecione os métodos de pagamento que você NÃO deseja aceitar."
"Checkout position","Posição do método de pagamento no checkout"
"This setting will be the position in which the payment method will be available to the buyer.","Essa configuração é a posição na qual o método de pagamento estará disponível para o comprador."
"By default the module of Unlimit will configure a banner with the methods available according to your country, in case you want to customize it simply change the url of the image.","Por padrão, o módulo do Unlimit irá configurar um banner com os métodos disponíveis de acordo com o seu país, se você quiser personalizá-lo, basta alterar o URL da imagem."

"==================== v3.1.0 CUSTOM CHECKOUT BANK TRANSFER PAGE =====================","================================================"
"Custom Checkout - Bank Transfer","Custom Checkout - Transferência Bancária"
"Enabled","Habilitado"
"Checkout position","Posição do método de pagamento no checkout"
"Redirect Payer","Redirecionar Comprador"
"By enabling this option the buyer will be automatically redirected to the payment page of the bank, it will not go through an intermediate page of your store.","Ao habilitar essa opção o comprador será redirecionado automaticamente para a pagina de pagamento do banco, ele não irá passar por uma pagina intermedia da sua loja."

"==================== v3.3.1 Basic Checkout PAGE =====================","================================================"
"Basic Checkout","Checkout Básico - Redirecionado"
"Redirect buyer automatically to your store when payment is approved.","Redireciona o comprador automaticamente para a sua loja quando o pagamento é aprovado."
"Max Installments","Numero máximo de parcelas aceitas"
"Maximum number of installments accept the payment flow.","Numero máximo de parcelas aceitas no fluxo de pagamento."
"Expiration Time Preference","Tempo de Expiração do link do checkout"
"Time in days to expiration preference.","Quantidade de dias para expirar o link do checkout."

"==================== ADVANCED CONFIGURATION PAGE =====================","================================================"
"Advanced","Avançado"
"Store Settings","Configurações da Loja"
"Category of your store","Categoría da sua Loja"
"Use Unlimit Success Page","Utilizar página de resultado de pago de Unlimit"
"The successful page of the Unlimit module is prepared to show messages for each Payment status, this page is also prepared to show the payment button with ticket. If you use the default page of Magento, you will have to customize it to show the button for payment of the Ticket.","A página de sucesso de pagamento do Unlimit está preparada para mostrar mensagens para cada status de pagamento. Essa página também está preparada para mostrar o botão de pagamento para métodos de pagamento offline. Se você usar a página do Magento, você terá que personalizar a página para mostrar o botão de pagamento dos meios de pagamento offline."
"Email Options","Opções de Email"
"Order creation email","E-mail de criação de pedidos"
"Email sent when the order is created does not mean that the payment has been approved","Um e-mail será enviado quando o pedido for criado, isso não significa que o pagamento foi aprovado."
"Order update email","E-mail de atualização de pedidos"
"Do not send","Não enviar"
"Select the statuses you want to send update emails to. This email is only sent when the order status is updated. It is not sent on the first status update because the order creation email is sent. If the order creation email is deactivated, then the email of the first order update will be sent","Selecione os status para os quais você deseja enviar e-mail. Este e-mail é enviado somente quando o status do pedido é atualizado. Ele não é enviado na primeira atualização de status porque o email de criação do pedido é enviado. Se o email de criação de pedidos for desativado, o email de atualização do pedido será enviado  na primeira atualização."
"Developer options","Opções para o desenvolvedor"
"Log to file","Logs em arquivo"
"Current version","Versão atual"

"==================== PAYMENT FORM =====================","================================================"
"Apply", "Aplicar"
"Remove", "Remover"
"You will save","Você ira economizar"
"with discount from","com desconto de"
"Total of your purchase:","Total da sua compra:"
"Total of your purchase with discount:","Total da sua compra com Desconto:"
"*Uppon payment approval","*Mediante aprovação de pagamento"
"Terms and Conditions of Use","Termos e Condições de utilização"
"Other Bank","Outro Banco"
"Choose","Escolha"
"Payment method","Métodos de pagamento"
"Credit card number","Número do cartão"
"Expiration month","Mês de expiração"
"Expiration year","Ano de expiração"
"Year","Ano"
"Month","Mês"
"Cardholder name","Nombre del titular de la tarjeta"
"Security code","Código de Segurança"
"Document Type","Documento"
"Document number","CPF"
"Issuer","Bancos"
"Installments","Parcelas"
"Your Card","Cartões Salvos"
"Other Cards","Pagar com outros cartões"
"Other Card","Outros cartões"
"ended in","finalizado em"
"Select the Issuer","Digite o numero do cartão de crédito"
"Select the Installment","Digite o numero do cartão de crédito"

"Parameter cardNumber can not be null/empty","Numero do cartão de crédito inválido"
"Invalid Card number","Numero do cartão de crédito inválido"
"Invalid Expiration date","Data de expiração inválida"
"Parameter cardholderName can not be null/empty","Titular do cartão inválido"
"Invalid CardHolder name","Titular do cartão inválido"
"Parameter securityCode can not be null/empty","Código de segurança inválido"
"Invalid Security Code","Código de segurança inválido"
"Parameter docType can not be null/empty","Tipo de documento inválido"
"Invalid Document Type","Tipo de documento inválido"
"Parameter docNumber can not be null/empty","Numero de documento inválido"
"Invalid Document Number","Numero de documento inválido"
"The parameter cardholder.document.subtype can not be null or empty","Tipo de documento inválido"
"Invalid Document Sub Type","Tipo de documento inválido"
"Parameter cardIssuerId can not be null/empty","Banco inválido"

"==================== PAYMENT OFFLINE FORM =====================","================================================"

"Information requested in accordance with the rules of Circular No. 3.461/09, 3.598/12 and 3.656/13 of the Banco Central do Brasil.","Informações solicitadas em conformidade com as normas das circulares Nro. 3.461/09, 3.598/12 e 3.656/13 do Banco Central do Brasil."
"Select","Selecione"
"Name","Nome"
"Surname","Sobrenome"
"Document Number","CPF"
"Address","Endereço"
"Number","Número"
"City","Cidade"
"State","Estado"
"Zipcode","CEP"

"Name required","Obrigatório o preenchimento do Nome"
"Surname required","Obrigatório o preenchimento do Sobrenome"
"Document Number required","Obrigatório o preenchimento de um Documento válido"
"Address required","Obrigatório o preenchimento do Endereço"
"Number Address required","Obrigatório o preenchimento do Número residencial"
"City required","Obrigatório informar a Cidade"
"State required","Obrigatório informar o Estado"
"Zipcode required","Obrigatório informar o CEP"

"==================== v3.1.0 PAYMENT BANK TRANSFER FORM =====================","================================================"

"Identification Type","Tipo de Documento"
"Identification Number","Número do Documento"
"Financial Institutions","Banco"
"Type of Person","Tipo de Pessoa"
"Natural", "Pessoa física"
"Jurídica", "Pessoa jurídica"

"==================== 3.3.1 - Basic Checkout Checkout FLOW =====================","================================================"

"Quiero pagar con Unlimit sin costo Adicional.", "Quero pagar com Unlimit sem custo adicional."
"Usa el medio de pago que prefieras","Use os meios de pagamento que você preferir"
"Tarjetas de crédito","Cartões de Crédito"
"Hasta","Em até"
"cuotas","x"
"Tarjetas de débito","Cartões de Débito"
"Pagos en efectivo","Outros métodos de pagamento"
"Te llevamos a nuestro sitio para completar el pago","Você será redirecionado para o site do Unlimit para concluir o pagamento"

"==================== DISCOUNT FLOW =====================","================================================"

"You will save <b>%1 %2</b> with discount from %3.","Você ira economizar <b>%1 %2</b> com desconto de %3."
"Total of your purchase: <b>%1 %2</b>","Total da sua compra: <b>%1 %2</b>"
"Total of your purchase with discount: <b>%1 %2*</b>","Total da sua compra com Desconto: <b>%1 %2*</b>"
"* Uppon payment approval.","* Mediante aprovação de pagamento."
"Terms and Conditions of Use","Termos e Condições de utilização"


"An error has occurred, please try again. If the error persists, please contact the seller.", "Ocorreu um erro ao validar o cupom de desconto, Por favor, tente novamente. Se o erro persistir, entre em contato com o vendedor."
"doesn't find a campaign", "Campanha não encontrada."
"doesn't find a campaign with the given code", "Cupom de desconto inválido."
"doesn't reach the mininimal amount or max amount", "O valor mínimo ou máximo não foi atingido."
"Doesn't match by payer", "O desconto não pôde ser aplicado, e-mail inválido."
"Run Out of uses per user", "O desconto não pôde ser aplicado."
"max user amount by campaign reached", "A campanha já ultrapassou o limite de descontos por usuário."
"Amount exceeded limit campaign", "A campanha já excedeu o limite de desconto."
"payer_email should be an email", "Seu e-mail não pôde ser identificado, faça login na loja e tente novamente."

"==================== SUCCESS PAGE =====================","================================================"

"Thank you for your purchase!", "Obrigado pela sua Compra!"
"Your order %1 has been successfully generated.", "O seu pedido de numero %1 foi gerado com sucesso."
"Done, your payment was accredited!", "O seu pagamento foi aprovado!"
"We are processing the payment.", "Estamos processando o pagamento."
"In less than 2 business days we will tell you by e-mail if it is accredited or if we need more information.", "Em menos de 2 dias úteis você será avisado por e-mail se foi creditado ou se precisarmos de mais informações."
"In less than an hour we will send you by e-mail the result.", "Em menos de 1 hora, nós enviaremos o resultado por e-mail."

"Click on the link to generate the ticket", "Clique no link para gerar o boleto"
"Generate ticket", "Gerar boleto"

"Payment method", "Método de pagamento"

"Generate the ticket and pay it wherever you want.", "Gere o boleto e pague-o onde quiser."
"Will be approved within 2 business days.","Será aprovado até 2 dias úteis."

"Payment id (Cardpay): %1","Número do pago (Cardpay): %1"
"Card number: %1","Número do Cartão: %1"
"Expiration date: %1","Data de vencimento: %1"
"CardHolder name: %1","Titular do cartão: %1"
"Payment method: %1","Método de pagamento: %1"
"Installments: %1","Parcelas: %1"
"Statement descriptor: %1","Identificação na fatura do cartão: %1"
"Payment status: %1","Status do pagamento: %1"
"Payment status detail: %1","Status detalhado do pagamento: %1"

"========= v3.1.0 =========","========= v3.1.0 ========="
"Pay","Pagar"
"The payment will be credited in less than 1 hour.","O pagamento será creditado em menos de 1 hora."

"==================== ORDER PAGE =====================","================================================"

"Payment id (Cardpay)","Número do pago (Cardpay)"
"Payment method","Método de pagamento"
"Installments","Parcelas"
"Statement descriptor","Identificação na fatura do cartão"
"Payment status","Status do pagamento"
"Payment status detail","Status detalhado do pagamento"

"====================== ERRORS PAYMENT FORM ==========================","================================================"


"Params Error.", "Erro de parâmetro"
"Token must be for test.", "O token deve ser um teste"
"The caller is not authorized to access this resource.", "O invocador não está autorizado a acessar este recurso"
"Must provide your access_token to proceed.", "O acess_token deve ser fornecido para continuar"
"Number of rows exceeded the limits.", "O número de linhas excede o limite"
"Date format must be yyyy-MM-dd'T'HH:mm:ss.SSSZ.", "O formato da data deve ser: yyyy-MM-dd'T'HH:mm:ss.SSSZ"
"Payment not found", "O pagamento não foi encontrado"
"Already posted the same request in the last minute.", "O mesmo pedido já foi enviado no último minuto"
"Customer not found.", "O cliente não foi encontrado"
"POST to Gateway Transactions API fail.", "Ocorreu um erro na comunicação com o gateway."
"Card Token not found.", "O token do cartão não foi encontrado"
"Connection to Card Token API fail.", "A conexão com a API do token de cartão falhou"
"Card token issuer can't be null.", "O emissor do token do cartão não pode ser nulo"
"The customer can't be equal to the collector.", "O cliente não pode ser igual ao proprietário da loja"
"You must provide your cardholder_name with your card data.", "Por favor, digite o nome do dono do cartão"
"You must provide your cardissuer_id with your card data.", "O cardissuer_id deve receber as informações do cartão"
"The caller is not authorized to perform this action.", "O invocador não está autorizado a executar esta ação"
"Invalid card_token_id.", "O card_token_id é inválido"
"Invalid parameter site_id.", "O site_id é inválido"
"Not valid action, the resource is in a state that does not allow this operation. For more information see the state that has the resource.", "A ação executada não é válida, o recurso está em um estado que não permite essa operação. Para mais informações, verifique o status do recurso."
"Invalid parameter cardtoken_id.", "O card_token_id é inválido"
"The parameter client_id can not be null or empty.", "O parâmetro client_id não pode ser nulo ou vazio"
"Not found Cardtoken.", "O token do cartão não foi encontrado"
"unauthorized client_id.", "O client_id não está autorizado"
"Not found card on whitelist.", "O cartão não foi encontrado na lista de permissões"
"Not found payment_method.", "O payment_method não foi encontrado"
"Invalid parameter security_code_length.", "Comprimento inválido do parâmetro security_code_length"
"The parameter security_code is a required field can not be null or empty.", "O parâmetro security_code não pode ser nulo ou vazio"
"Invalid parameter payment_method.", "O parâmetro payment_method é inválido"
"Invalid parameter card_number_length.", "O parâmetro card_number_length é inválido"
"Invalid parameter card_number.", "O parâmetro card_number é inválido"
"The parameter card_number_id can not be null or empty.", "O parâmetro card_number_id não pode ser nulo ou vazio"
"The parameter expiration_month can not be null or empty.", "O parâmetro expiration_month não pode ser nulo nem vazio"
"The parameter expiration_year can not be null or empty.", "O parâmetro carholder.name não pode ser nulo ou vazio"
"The parameter cardholder.name can not be null or empty.", "O parâmetro cardholder.document.number não pode ser nulo nem vazio"
"The parameter cardholder.document.number can not be null or empty.", "O parâmetro numero do documento não pode ser nulo ou vazio"
"The parameter cardholder.document.type can not be null or empty.", "O parâmetro tipo do documento não pode ser nulo ou vazio"
"The parameter cardholder.document.subtype can not be null or empty.", "O parâmetro sub tipo do documento não pode ser nulo ou vazio"
"Not valid action - partial refund unsupported for this transaction.", "Ação inválida O reembolso parcial não é suportado para esta transação"
"Invalid Auth Code.", "Código de autorização inválido."
"Invalid card_id for this payment_method_id.", "Card_id inválido para o payment_method_id"
"Invalid payment_type_id.", "Payment_type_id inválido"
"Invalid payment_method_id.", "Payment_method_id inválido"
"Invalid card expiration month.", "O mês de vencimento do cartão é inválido"
"Invalid card expiration year.", "A data de expiração do cartão é inválida"
"card atributte can't be null.", "O parâmetro do cartão não pode ser nulo"
"payment_method_id atributte can't be null.", "O parâmetro payment_method_id não pode ser nulo"
"transaction_amount atributte can't be null.", "O parâmetro transaction_amount não pode ser nulo"
"transaction_amount atributte must be numeric.", "O parâmetro transaction_amount deve ser numérico"
"installments atributte can't be null.", "O parâmetro installments não pode ser nulo"
"installments atributte must be numeric.", "O parâmetro installments deve ser numérico"
"payer atributte is malformed.", "O parâmetro do comprador está malformado "
"site_id atributte can't be null.", "O parâmetro site_id não pode ser nulo"
"payer.id atributte can't be null.", "O parâmetro payer.id não pode ser nulo"
"payer.type atributte can't be null.", "O parâmetro payer.type não pode ser nulo"
"payment_method_reference_id atributte can't be null.", "O parâmetro payment_method_reference não pode ser nulo"
"payment_method_reference_id atributte must be numeric.", "O parâmetro payment_method_reference deve ser numérico"
"status atributte can't be null.", "O parâmetro de status não pode ser nulo"
"payment_id atributte can't be null.", "O parâmetro payment_id deve ser numérico"
"payment_id atributte must be numeric.", "O parâmetro payment_id não pode ser nulo"
"notificaction_url atributte must be url valid.", "O parâmetro notification_url deve ser um URL válido"
"notificaction_url atributte must be shorter than 500 character.", "O parâmetro notification_url deve ter menos de 500 caracteres"
"metadata atributte must be a valid JSON.", "O parâmetro de metadados deve ser um JSON válido"
"transaction_amount atributte can't be null.", "O parâmetro transaction_amount não pode ser nulo"
"transaction_amount atributte must be numeric.", "O parâmetro transaction_amount deve ser numérico"
"refund_id can't be null.", "O parâmetro refund_id não pode ser nulo"
"campaign_id atributte must be numeric.", "O parâmetro campaign_id deve ser numérico"
"Invalid payer type.", "O tipo de pagador é inválido"
"Invalid transaction_amount.", "Transaction_amount é inválido"
"application_fee cannot be bigger than transaction_amount.", "O parâmetro aplication_fee não pode ter um valor maior que transaction_amount"
"application_fee cannot be a negative value.", "O parâmetro aplication_fee não pode ser negativo"
"payer.email must be a valid email.", "O seu email tem que ser um endereço de email valida."
"payer.email must be shorter than 254 characters.", "O seu email deve ser um endereço de e-mail com menos de 254 caracteres"

"Payer firstname required.", "Nome do comprador é obrigatório."
"Payer lastname required.", "Sobrenome do comprador é obrigatório."
"Payer required.", "É obrigatório preencher os dados do comprador."
"Payer identification type required.", "Tipo de documento do comprador é obrigatório."
"Payer identification number required.", "Número do documento do comprador é obrigatório."

"Unable to pay using payment method. Choose another payment method.", "Não é possível pagar usando o método de pagamento. Escolha outro método de pagamento."
"An error occurred when creating the payment. Please refresh the page and try again.", "Ocorreu um erro ao criar o pagamento. Atualize a página e tente novamente."
"Verify the form data or wait until the validation of the payment data.", "Verifique os dados do formulário ou aguarde até a validação dos dados de pagamento."
"There was an internal error when creating the payment.", "Houve um erro interno ao criar o pagamento. Tente novamente, caso o erro persista entre em contato com o vendedor."

"=============== Cancellation FLOW =================================","================================================"

"Payment canceled.", "Pagamento cancelado."
"Payment was not", "O pagamento não foi executado"
"Payment has been", "O pagamento foi executado"
"Payment was not canceled because the status is rejected.","O pagamento não foi cancelado, pois o pagamento esta com o status Rejeitado."
"Cancellation can not be executed because the payment id was not found.", "Não foi possível cancelar o pagamento, o id do pagamento não foi encontrado na orden."
"Cancellation can not be performed because ACCESS_TOKEN has not been configured.", "Não foi possível cancelar o pagamento, porque o ACCESS_TOKEN não esta configurado."
"Could not cancel the payment because of an error returned by the API Cardpay.", "Não foi possível cancelar o pagamento, devido a não esperado retornado pela a API do Cardpay. Valide os arquivos de Logs."
"The payment has not been canceled, you can only cancel payments with status pending or in_process. The payment status is", "Não foi possível cancelar o pagamento, só é possível cancelar pagamentos com o status pending ou in_process. O status do pagamento é "
"An error occurred while getting the status of the payment in the API Cardpay.", "Ocorreu um erro ao obter o status do pagamento na API do Cardpay, tente novamente em breve."

"=============== Refund FLOW =================================","================================================"

"Refund of %1 was processed successfully.", "A devolução no valor de %1 foi processado."
"The refunded amount must be greater than 0.", "O valor a ser devolvido tem que ser superior a 0."
"Refund can not be executed because the payment id was not found.", "Não foi possível realizar a devolução, o id do pagamento não foi encontrado na orden."
"Refund can not be performed because ACCESS_TOKEN has not been configured.", "Não foi possível realizar a devolução, porque o ACCESS_TOKEN não esta configurado."
"Could not process the refund, The Unlimit API returned an unexpected error. Check the log files.", "Não foi possível realizar a devolução, devido a não esperado retornado pela a API do Unlimit. Valide os arquivos de Logs."
"The payment has not been refunded, you can only refund payments with status approved. The payment status is ", "Não foi possível realizar a devolução, só é possível devolver um pagamento com status aprovado. O status do pagamento é "
"An error occurred while getting the status of the payment in the API Cardpay.", "Ocorreu um erro ao obter o status do pagamento na API do Cardpay, tente novamente em breve."

"================================================","================================================"

"Automatic notification of the Cardpay: The payment was approved.", "Notificação automática do Cardpay: O pagamento foi aprovado."
"Automatic notification of the Cardpay: The payment was refunded.", "Notificação automática do Cardpay: O pagamento foi devolvido."
"Automatic notification of the Cardpay: The payment is being processed.", "Notificação automática do Cardpay: O pagamento está sendo processado."
"Automatic notification of the Cardpay: The payment is being processed. Will be approved within 2 business days.", "Notificação automática do Cardpay: O pagamento está sendo processado. Em até 2 dias úteis o pagamento será analisado."
"Automatic notification of the Cardpay: The payment is in the process of Dispute, check the graphic account of the Unlimit for more information.", "Notificação automática do Cardpay: O pagamento está em processo de Disputa, verifique a conta gráfica do Unlimit para maiores informações."
"Automatic notification of the Cardpay: The payment was cancelled.", "Notificação automática do Cardpay: O pagamento foi cancelado."
"Automatic notification of the Cardpay: The payment was rejected.", "Notificação automática do Cardpay: O pagamento foi rejeitado."
"<br/> Payment id: %1", "<br/> Numero do Pagamento: %1"
"<br/> Status: %1", "<br/> Status: %1"
"<br/> Status Detail: %1", "<br/> Detalhe do Status: %1"

"=====================BACK END ===========================","================================================"

"The ACCESS_TOKEN has not been configured, without this credential the module will not work correctly.", "O ACCESS_TOKEN não foi configurado, sem essa credencial o módulo não funcionará corretamente."

"================================================","================================================"

"Payment information", "Informações sobre o pagamento"
"Check the card number.", "Verifique o número do cartão."
"Check the expiration date.", "Verifique a data de validade."
"Check the data.", "Verifique os dados."
"Check the security code.", "Verifique o código de segurança."
"We could not process your payment.", "Não foi possível processar o pagamento."

"You must authorize to %1 the payment of $ %2 to Cardpay.", "Você precisa autorizar com a %1 o pagamento de R$ %2 ao Cardpay."
"Call %1 to activate your card.<br/>The phone is on the back of your card.", "Ligue para %1 e ative o seu cartão.<br/>O telefone está no verso do seu cartão de crédito."
"We could not process your payment.", "Não foi possível processar o pagamento."
"You already made a payment by that value.<br/>If you need to repay, use another card or other payment method.", "Você já fez o pagamento deste valor.<br/>Se você precisa pagar novamente use outro cartão ou outro meio de pagamento."
"Your payment was rejected.<br/>Choose another payment method, we recommend cash methods.", "O seu pagamento foi recusado.<br/>Recomendamos que você pague com outro dos meios de pagamento oferecidos, preferencialmente à vista."
"Your %1 do not have sufficient funds.", "O seu %1 não tem limite suficiente."
"%1 does not process payments in %1 installments.", "%1 não processa pagamentos em %2 parcelas."
"You have got to the limit of allowed attempts.<br/>Choose another card or another payment method.", "Você atingiu o limite de tentativas permitidas.<br/>Use outro cartão ou outro meio de pagamento."
"%1 did not process the payment.", "%1 não processou o pagamento."

"You can not make payments to users in other countries.", "Você não pode fazer pagamentos para usuários em outros países."
"Payment method selected does not process payments in installments selected. Choose another card or another payment method.", "O meio de pagamento selecionado não processa pagamentos as parcelas selecionadas. Use outro cartão ou outro meio de pagamento."
"We could not process your payment. Error code: 126.", "Não foi possível processar o pagamento. Erro de numero: 126."
"Payment method selected does not process payments for the selected amount. Choose another card or another payment method.", "O meio de pagamento selecionado não processa pagamentos do valor selecionado. Use outro cartão ou outro meio de pagamento."
"We could not process your payment. Error code: 145.", "Não foi possível processar o pagamento. Erro de numero: 145."
"You can not make payments. Error code: 150.", "Você não pode fazer pagamentos. Erro de numero: 150."
"You can not make payments.", "Você não pode fazer pagamentos com esse meio de pagamento."
"We could not process your payment. Error code: 160.", "Não foi possível processar o pagamento. Erro de numero: 160."
"Payment method selected is not available at this time. Choose another card or another payment method.", "O meio de pagamento selecionado não está disponível neste momento. Use outro cartão ou outro meio de pagamento."
"You made a similar payment moments ago. Try again in a few minutes.", "Você realizou um pagamento similar há pouco tempo. Tente novamente em alguns minutos."
"We could not process your payment. %1", "Não foi possível processar o pagamento. %1"

"Verify the form data or wait until the validation of the payment data", "Verifique os dados do formulario ou aguarde a validação dos dados de pagamento."

Cannot operate between users from different countries.", "Não é possível operar entre usuários de diferentes países."
"Payment method does not process installments.", "Payment method does not process installments. Choose another credit card or payment method."
"Cannot pay this amount with this paymentMethod.", "Forma de pagamento não processa parcelas. Escolha um outro cartão de crédito ou método de pagamento."
"You user cannot do payments currently", "Você usuário não pode fazer pagamentos atualmente."
"You user cannot do payments currently with this payment method.", "Você usuário não pode fazer pagamentos actualmente com este método de pagamento ."
"Unavailable paymentmethod currently.", "Método de pagamento actualmente indisponíveis."
"Already posted the same request in the last minute.", "Já postou o mesmo pedido no último minuto . Tente novamente mais tarde."
"Doesn't find a campaign with the given code.", "Não encontrar uma campanha com o código dado."
"We could not process your payment in this moment. Please check the form data and retry later", "Não foi possível processar seu pagamento , neste momento . Por favor verifique os dados do formulário e tente novamente mais tarde"

"The items Quantity has exceeded the limits. We could not process your payment.", "O itens Quantidade ultrapassou os limites . Não foi possível processar o seu pagamento."
"Already posted the same request in the last minute.", "Já postou o mesmo pedido no último minuto."
"The transaction amount is invalid. We could not process your payment.", "O valor da transação é inválido. Não foi possível processar o seu pagamento."
"You user cannot do payments currently", "Você usuário não pode fazer pagamentos atualmente"
"You have exceeded the max number of refunds for this payment.", "Você excedeu o número máximo de reembolso para este pagamento."
"Payment too old to be refunded", "O pagamento velho demais para ser reembolsado"
"Your user e-mail does not exist. Please check data and retry later", "Seu e-mail do usuário não existe. Verifique os dados e tente novamente mais tarde"
"You must provide your cardholder name with your card data", "Você deve fornecer seu nome do titular do cartão com seus dados de cartão"
"Not found payment method or credit card. Please check the form data and retry.", "Não encontrou forma de pagamento ou do cartão de crédito . Por favor verifique os dados do formulário e tente novamente."
"Security code is invalid. Please check the form data and retry.", "Código de segurança inválido. Por favor verifique os dados do formulário e tente novamente."
"Security code is a required field. Please check the form data and retry.", "O código de segurança é um campo obrigatório . Por favor verifique os dados do formulário e tente novamente."
"Payment method or credit card invalid. Please check the form data and retry.", "Forma de pagamento ou do cartão de crédito inválido. Por favor verifique os dados do formulário e tente novamente."
"Credit card number is invalid. Please check the form data and retry.", "Número do cartão de crédito é inválido. Por favor verifique os dados do formulário e tente novamente."
"Expiration month can not be empty. Please check the form data and retry.", "Mês de expiração não pode estar vazio . Por favor verifique os dados do formulário e tente novamente."
"Expiration year can not be empty. Please check the form data and retry.", "Ano de expiração não pode estar vazio . Por favor verifique os dados do formulário e tente novamente."
"Cardholder name can not empty. Please check the form data and retry.", "Nome do titular do cartão não pode vazio. Por favor verifique os dados do formulário e tente novamente."
"Cardholder document number can not be empty. Please check the form data and retry.", "Número do documento do titular do cartão não pode ser vazio . Por favor verifique os dados do formulário e tente novamente."
"Cardholder document type can not be empty. Please check the form data and retry.", "Titular do cartão tipo de documento não pode estar vazio . Por favor verifique os dados do formulário e tente novamente."
"Cardholder document subtype can not be empty. Please check the form data and retry.", "Documento do titular do cartão subtipo não pode estar vazio . Por favor verifique os dados do formulário e tente novamente."
"Expiration month is invalid. Please check the form data and retry.", "Mês de expiração é inválido. Por favor verifique os dados do formulário e tente novamente."
"Expiration year is invalid. Please check the form data and retry.", "Ano de expiração é inválido. Por favor verifique os dados do formulário e tente novamente."
"Installments attribute can not be empty. Please check the form data and retry.", "Atributo parcelas não pode estar vazio . Por favor verifique os dados do formulário e tente novamente."
"Doesn't find a campaign to amount given", "Não Encontrado um coicida campanha para o montante da ordem"
"Amount discount is invalid", "Valor do desconto é inválido"
"We could not process your payment in this moment. Please retry later", "Não foi possível processar seu pagamento. Por favor tente mais tarde"
"Processing error in the payment gateway. Please contact the administrator.", "Erro ao gerar pedido no gateway de pagamento. Por favor, entre em contato com o administrador."

"Error on process of payment data. Please contact the administrator.", "Erro no processamento dos dados de pagamento."

"Card number is incorrect", "Número do cartão está incorreto"
"This is a required field.", "Este campo é obrigatório"
"Invalid CPF", "CPF inválido"
"Please enter at least {0} characters.", "Por favor digite ao menos {0} caracteres"
"Expiration date is incorrect", "Data de validade está incorreta"
"Terminal code", "Código do terminal"
"Terminal password", "Senha do terminal"
"Get your credentials, visit the <a href=""https://unlimit.com/"">unlimit.com</a>.", "Pegue as suas credenciais, visite <a href=""https://unlimit.com/"">unlimit.com</a>."
"Callback secret", "Chave secreta para callback"
"Test environment", "Ambiente de teste"
"Yes/No", "Sim/Não"
"In test environment, the data is sent to the sandbox only. Test and prod credentials (terminal code, terminal password, callback secret) are different.", "No ambiente de teste, os dados são enviados apenas para o sandbox. As credenciais de teste e prod (código do terminal, senha do terminal, segredo de retorno de chamada) são diferentes."
"In test mode, the data is sent to the sandbox.", "No ambiente de teste, os dados são enviados para o sandbox."
"It is a requirement that you have a SSL certificate, and the payment form to be provided under an HTTPS page.", "É um requisito que você tenha um certificado SSL e o formulário de pagamento seja fornecido em uma página HTTPS."
"Ask CPF", "Solicitar CPF"
"Enable automatic cancellation of Payment in the Unlimit when an order is canceled. Payment is only canceled when payment is pending or in_process.", "Habilitar automaticamente o cancelamento do pagamento na Unlimit quando um pedido for cancelado. Pagamento somente pode ser cancelado enquanto estiver pendente (pending) ou em processamento (in_process)."
"A file named cardpay.log will be created in your store's log folder (var/log). This file will contain the module debug, where it will help to understand the behavior of the module.", "Um arquivo chamado 'cardpay.log' será criado na pasta de logs da sua loja (var/log). Esse arquivo conterá informações de debug do modulo, que ajudará a compreender melhor o comportamento do modulo."
"The order was not successful!", "O pedido não foi bem-sucedido!"
"Check the payments methods that you want to accept", "Verifique as formas de pagamento que deseja aceitar"
"Capture payment", "Capturar pagamento"
"Setting is for regular payments and Merchant financed installments. If set to ""No"", the amount will not be captured but only blocked. By default with ""No"" option selected payments will be voided automatically in 7 days from the time of creating the preauthorized transaction. If you want payments to be captured automatically in 7 days (instead of being voided), please contact your account manager.", "A configuração é para pagamentos regulares e parcelas financiadas pela comerciante. Se definido como ""Não"", o valor não será capturado (cobrança efetivada), mas apenas bloqueado (pré-autorização). Por padrão, com a opção ""Não"", os pagamentos selecionados serão anulados automaticamente em 7 dias a partir do momento da criação da transação pré-autorizada. Se você quiser que os pagamentos sejam capturados automaticamente em 7 dias (em vez de serem anulados), entre em contato com seu gerente de conta."
"If set to Yes then installment payments field will be presented on payment form and installment payments can be possible for processing.", "Se definido como Sim, o campo de parcelamento será apresentado no formulário de pagamento e o parcelamento poderá ser processado."
"If set to No, the amount will not be captured but only blocked. With No option selected payments will be captured automatically in 7 days from the time of creating the preauthorized transaction. In installment case with No option selected installments will be declined automatically in 7 days from the time of creating the preauthorized transaction.", "Se definido como Não, o valor não será capturado, mas apenas bloqueado. Sem ter uma opção selecionada, os pagamentos serão capturados automaticamente em 7 dias a partir do momento da criação da transação pré-autorizada. No caso de parcelamento sem a opção selecionada, as parcelas serão recusadas automaticamente em 7 dias a partir do momento da criação da transação pré-autorizada."
"Installment enabled", "Parcelamento habilitado"
"Automatic update of Order Status", "Atualização automática do status do pedido"
"Order status when payment is authorized", "Status do pedido quando o pagamento é autorizado"
"Please select", "Por favor selecione"
"Canceled", "Cancelado"
"Closed", "Fechado"
"Complete", "Completo"
"Suspected Fraud", "Suspeita de fraude"
"On Hold", "Em espera"
"Payment Review", "Revisão de pagamento"
"PayPal Canceled Reversal", "PayPal cancelou o estorno"
"PayPal Reversed", "PayPal estornou"
"Pending", "Pendente"
"Pending Payment", "Pagamento Pendente"
"Pending Paypal", "PayPal pendente"
"Processing", "Em processamento"
"Credit card", "Cartão de crédito"
"You created the credit memo.", "Você criou o memorando de crédito."
"Operation is not available", "Operação indisponível"
"The invoice has been created.", "A fatura foi criada."
"Refund is not available for Boleto", "Reembolso não está disponível para Boleto"
"Refund is not available for Pix", "Reembolso não está disponível para Pix"
"Refund is not available for installment payment", "Reembolso não está disponível para pagamento parcelado"
"Refund is not available", "Reembolso não está disponível"
"You canceled the order.", "Você cancelou o pedido."
"Dynamic descriptor", "Descritivo da compra no extrato"
"Yes", "Sim"
"No", "Não"
"Order status when payment is new", "Status do pedido para novo pagamento"
"Are you sure you want to", "Você tem certeza que deseja"
"successfully", "com sucesso"
"capture", "capturar"
"cancelled", "cancelado"
"captured", "capturado"
"refund", "reembolso"
"refunded", "devolveu"
"Product", "Produtos"
"Model", "Modelo"
"Price", "Preço"
"Quantity", "Quantidade"
"Amount", "Valor"
"Restock refunded items", "Reabastecer itens reembolsados"
"Amount already refunded", "Valor já reembolsado"
"Total available to refund", "Total disponível para reembolso"
"Refund amount", "Quantia de reembolso"
"Reason for refund (optional)", "Motivo do reembolso (opcional)"
"Totals", "Totais"
"cancel", "cancelar"
"Cancel", "Cancelar"
"Order total amount must be more than 0 to capture the payment", "O valor total do pedido deve ser maior que 0 para capturar o pagamento"
"Order total amount must not exceed the blocked amount to capture the payment", "O valor total do pedido não deve exceder o valor bloqueado para capturar o pagamento"
"Payment", "Pagamento"
"Success, your modifications are done!", "Sucesso, suas modificações foram feitas!"
"Argentina", "Argentina"
"Brasil", "Brasil"
"Colombia", "Colômbia"
"Chile", "Chile"
"Settings", "Configurações"
"Order Status", "Status do pedido"
"Maximum accepted installments", "Máximo de parcelas aceitas"
"Status", "Status"
"Production Mode", "Modo de Produção"
"Sales Country", "País de vendas"
"Sort order", "Ordem de classificação"
"Type Checkout", "Tipo de Checkout"
"Category", "Categoria"
"Default order status", "Status do pedido padrão"
"Select the statuses to be shown when the order is", "Selecione os status a serem exibidos quando o pedido for"
"Completed", "Concluído"
"Pending", "Pendente"
"Canceled", "Cancelado"
"In Progress", "Em andamento"
"Reject", "Rejeitado"
"Mediation", "Mediação"
"ChargeBack", "ChargeBack"
"Callback secret", "Código secreto do callback"
"Log to file", "Entrar no arquivo"
"Order status when payment is new", "Status do pedido quando o pagamento for novo"
"Order status when payment is in process", "Status do pedido quando o pagamento está em andamento"
"Order status when payment is declined", "Status do pedido quando o status do pagamento é recusado"
"Order status when payment is authorized", "Status do pedido quando o status do pagamento é autorizado"
"Order status when payment is completed", "Status do pedido quando o status do pagamento for concluído"
"Order status when payment is canceled", "Status do pedido quando o status do pagamento é cancelado"
"Order status when payment is charged back", "Status do pedido quando o status do pagamento é estornado"
"Order status when chargeback is resolved", "Status do pedido quando o status do estorno é resolvido"
"Order status when payment is refunded", "Status do pedido quando o status do pagamento for reembolsado"
"Order status when payment is voided", "Status do pedido quando o status do pagamento for anulado"
"Order status when payment is terminated", "Status do pedido quando o status do pagamento é encerrado"
"Enabled", "Habilitado"
"Sponsor ID invalid. This field is not mandatory, if you dont know your Sponsor, please clean this field!", "ID do patrocinador inválido. Este campo não é obrigatório, se você não conhece seu patrocinador, por favor, limpe este campo!"
"Get your credentials, visit the unlimit.com", "Obtenha suas credenciais, visite o unlimit.com"
"Your notification URL is", "Sua URL de notificação é"
"Auto Return", "Retorno Automático"
"Client ID", "ID do Cliente"
"Client Secret", "Segredo do cliente"
"Sandbox mode", "Modo caixa de areia"
"Sorry, Terminal code is mandatory.", "Desculpe, o código do terminal é obrigatório."
"Sorry, Terminal password is mandatory.", "Desculpe, a senha do terminal é obrigatória."
"payment_method_id does not process payments for the selected amount. Choose another card or another payment method.", "payment_method_id não processa pagamentos para o valor selecionado. Escolha outro cartão ou outra forma de pagamento."
"You can not make payments.", "Você não pode fazer pagamentos."
"Payment method is not available at this time. Choose another card or another payment method.", "A forma de pagamento não está disponível no momento. Escolha outro cartão ou outra forma de pagamento."
"Try again in a few minutes.", "Tente novamente em alguns minutos."
"Done, your payment was accredited! You will see the charge for amount in your bill as statement_descriptor.", "Pronto, seu pagamento foi aprovado! Você verá a cobrança do valor em sua fatura como statement_descriptor."
"We are processing the payment. In less than an hour we will e-mail you the results.", "Estamos processando o pagamento. Em menos de uma hora enviaremos os resultados por e-mail."
"We are processing the payment. In less than 2 business days we will tell you by e-mail whether it has accredited or we need more information.", "Estamos processando o pagamento. Em menos de 2 dias úteis informaremos por e-mail se já está credenciado ou precisamos de mais informações."
"Check the card number.", "Verifique o número do cartão."
"Check the expiration date.", "Verifique a data de validade."
"Check the information.", "Verifique as informações."
"Check the security code.", "Verifique o código de segurança."
"You must authorize to payment_method_id the payment of amount to Unlimit", "Você deve autorizar a payment_method_id o pagamento de valor para Unlimit"
"Call to your credit card company to activate your card. The phone is on the back of your card.", "Ligue para a operadora do seu cartão de crédito para ativar o seu cartão. O telefone está no verso do seu cartão."
"You already made a payment for that amount. If you need to repay, use another card or other payment method.", "Você já efetuou um pagamento nesse valor. Se precisar pagar, use outro cartão ou outra forma de pagamento."
"Your payment was rejected.Choose another payment method. We recommend cash.", "Seu pagamento foi rejeitado.Escolha outra forma de pagamento. Recomendamos dinheiro."
"Your card do not have sufficient funds.", "Seu cartão não tem fundos suficientes."
"You have reached the limit of allowed attempts. Choose another card or another payment method.", "Você atingiu o limite de tentativas permitidas. Escolha outro cartão ou outra forma de pagamento."
"Your credit card company did not process the payment.", "Sua operadora de cartão de crédito não processou o pagamento."
"Apply", "Aplicar"
"Remove", "Remover"
"You will save", "Você vai economizar"
"with discount from", "com desconto de"
"Total of your purchase", "Total da sua compra:"
"Total of your purchase with discount", "Total da sua compra com desconto:"
"Terms and Conditions of Use", "Termos e Condições de Uso"
"Card number is not valid", "O número do cartão não é válido"
"Please fill out card number", "Por favor, preencha o número do cartão"
"Invalid Expiration date", "Data de vencimento inválida"
"Please fill out an expiration date", "Por favor, preencha uma data de validade"
"Please fill out cardholder name", "Por favor, preencha o nome do titular do cartão"
"Cardholder name is not valid", "O nome do titular do cartão não é válido"
"Please fill out a CVV2/CVC2", "Por favor, preencha um CVV2/CVC2"
"This CVV2/CVC2 is not valid", "Este CVV2/CVC2 não é válido"
"Parameter docType can not be null/empty", "O parâmetro docType não pode ser nulo/vazio"
"Invalid Document Type", "Tipo de Documento Inválido"
"Parameter docNumber can not be null/empty", "O parâmetro docNumber não pode ser nulo/vazio"
"CPF is invalid", "CPF é inválido"
"Please fill out a CPF", "Por favor, preencha um CPF"
"The parameter cardholder.document.subtype can not be null or empty", "O parâmetro cardholder.document.subtype não pode ser nulo ou vazio"
"Invalid Document Sub Type", "Subtipo de documento inválido"
"Please select number of installments", "Por favor, selecione o número de parcelas"
"The currency selected is not supported by Unlimit", "A moeda selecionada não é suportada pelaUnlimit"
"Credit card number", "Número do cartão de crédito"
"Name", "Nome"
"Document Type", "Tipo de Documento"
"Document Number", "Número do Documento"
"Expiration Month", "Mês de expiração"
"Expiration Year", "Ano de expiração"
"Payment type not accepted", "Tipo de pagamento não é aceito"
"Installments", "Parcelamentos"
"Issuer", "Emissor"
"Payment Type", "Tipo de pagamento"
"Processing payment", "Processando pagamento"
"Pay", "Pagar"
"Payment approved!", "Pagamento Aprovado"
"Payment not found", "Pagamento não foi aprovado"
"The caller is not authorized to access this resource", "O originador da chamada não está autorizado a acessar este recurso"
"Invalid expiration date", "Data de validade inválida"
"We could not process your payment.", "Não foi possível processar seu pagamento."
"We could not process your payment. Please, try again.", "Não foi possível processar seu pagamento. Por favor, tente novamente."
"Pay", "Pagar"
"CPF", "CPF"
"CPF is invalid", "CPF é inválido"
"Please fill out a cpf", "Por favor, preencha um cpf"
"Post code", "CEP"
"Postcode must be 8 characters", "O CEP deve ter 8 caracteres"
"Select", "Selecione"
"Sorry, you don't have permission to modify Unlimit", "Desculpe, você não tem permissão para alterar Unlimit"
"Sorry, your Client Id is mandatory", "Desculpe, o ID de Cliente é mandatório"
"Sorry, Client Secret is mandatory", "Desculpe, a senha é mandatória"
"Store Url", "URL da Loja"
"Card number", "Número do cartão"
"Invalid refund amount", "Valor de reembolso não é válido."
"API access mode", "Modo de acesso à API"
"Payment page", "Página de pagamento"
"Gateway", "Porta de entrada"
"IF ""Payment page"" mode is selected - payment page by Unlimit in iFrame is used for customer data collecting. IF ""Gateway"" mode is selected - embedded payment form in plugin is used for customer data collecting.", "Se o modo ""Página de pagamento"" for selecionado - a página de pagamento por Unlimit no iFrame é usada para coleta de dados do cliente. Se o modo ""Porta de entrada"" for selecionado - o formulário de pagamento incorporado no plug-in é usado para coleta de dados do cliente."
"IF ""Gateway" mode is selected - embedded payment form in plugin is used for customer data collecting.", "Se o modo ""Porta de entrada"" for selecionado - o formulário de pagamento incorporado no plug-in é usado para coleta de dados do cliente."
"Get your credentials, visit the <a href=""https://unlimit.com/"">unlimit.com</a>. If ""API access mode"" setting is changed - then ""Terminal password"" value need to be checked and changed (if needed).", "Obtenha suas credenciais, visite o <a href=""https://unlimit.com/"">unlimit.com</a>. Se a configuração ""Modo de acesso à API"" for alterada - o valor ""Senha do terminal"" precisará ser verificado e alterado (se necessário)"
"If ""API access mode"" setting is changed - then ""Callback secret"" value need to be checked and changed (if needed).", "Se a configuração ""Modo de acesso à API"" for alterada - o valor ""Código secreto do callback"" precisará ser verificado e alterado (se necessário)."
"Installment type", "Tipo de parcela"
"Issuer financed", "Financiado pelo emissor"
"Merchant financed", "Financiado pelo comerciante"
"Minimum total amount", "Valor total mínimo"
"Minimum amount of the order with installments must be greater than <Order amount>", "O valor mínimo do pedido com parcelas deve ser maior que <Order amount>"
"API access mode is changed, please check Terminal code, terminal password, callback secret values. After changing of the API mode in plugin also must be changed API access mode in Unlimit. Please consult about it with Unlimit support.", "O modo de acesso da API foi alterado, verifique o código do terminal, a senha do terminal, os valores secretos de retorno de chamada. Após a alteração do modo de API no plugin, também deve ser alterado o modo de acesso API na Unlimit. Por favor, consulte sobre como efetuar as mudanças junto ao suporte Unlimit."
"Total amount of order with installments, should be more than value of this setting.", "Valor total do pedido com parcelas, deve ser maior que o valor desta configuração."
"Maximum accepted intallments,", "Máximo de parcelas aceitas,"
"For ""Merchant financed"" installments can be single value from interval 1-12, for example 2, 3, 6, 8, 12.", "Para parcelas ""financiadas pelo comerciante"" podem ser de valor único do intervalo 1-12, por exemplo 2, 3, 6, 8, 12."
"For ""Issuer financed"" Installment type valid values are 3, 6, 9, 12, 18.", "Para o tipo de parcelamento ""Financiado pelo emissor"" os valores válidos são 3, 6, 9, 12, 18."
"Should be selected only if ""Installment enabled"" setting is switched on. Here can be choosed installment type used in trade plugin. More details about installment types you can read <a href=""https://integration.unlimit.com/doc-guides/yjri881uncqhc-overview#issuer-financed-if"">Issuer financed installments</a>, <a href=""https://integration.unlimit.com/doc-guides/yjri881uncqhc-overview#merchant-financed-mf_hold"">MF HOLD Installments</a>", "Deve ser selecionado somente se a configuração ""Parcelamento habilitado"" estiver ativada. Aqui pode ser escolhido o tipo de parcelamento usado no plugin de negociação. Mais detalhes sobre os tipos de parcelas, consulte <a href=""https://integration.unlimit.com/doc-guides/yjri881uncqhc-overview#issuer-financed-if"">IF (financiadas pelo emissor) Parcelas</a> , <a href=""https://integration.unlimit.com/doc-guides/yjri881uncqhc-overview#merchant-financed-mf_hold"">Parcelas MF HOLD (financiado pelo comerciante)</a>"
"If set to Yes then installment payment field will be presented on payment form and installment payments can be possible for processing", "Se definido como Sim, O campo de pagamento parcelado será apresentado no formulário de pagamento e os pagamentos parcelados podem ser possíveis para processamento"
"If ""API access mode"" setting is changed - then ""Terminal code"" value need to be checked and changed (if needed).", "Se a configuração do ""Modo de acesso à API"" for alterada - o valor do ""Código do terminal"" precisará ser verificado e alterado (se necessário)."
"Minimum installment amount", "Valor mínimo da parcela"
"Allowed installments range", "Faixa de parcelas permitidas"
"Allowed installments range<br>For ""Merchant financed"" installments can be filled in range of allowed values or several allowed values not in a row. All values can be from interval 1 - 12. For example: Range of values 3 - 7 (using ""-"" as separator). Allowed values not in a row 2, 3, 6, 8, 12 (using "","" as separator).<br>For ""Issuer financed"" Installment type can be only allowed values not in a row from the following: 3, 6, 9, 12, 18.<br>If empty, then the default values will be used (2 - 12 for ""Merchant financed"" and 3, 6, 9, 12, 18 for ""Issuer financed"")", "Faixa de parcelas permitidas<br>Para as parcelas ""Financiadas pelo comerciante"" podem ser preenchidas faixas de valores permitidos ou vários valores permitidos não consecutivos.<br>Todos os valores podem ser do intervalo entre 1 - 12, por exemplo: Faixa de valores 3 - 7 (usando ""-"" como separador). Valores permitidos fora da linha 2, 3, 6, 8, 12 (usando "","" como separador).<br>Para o tipo de prestação ""Financiado pelo emissor"" só podem ser permitidos valores não consecutivos a partir do seguinte: 3, 6, 9, 12, 18.<br>Se estiver vazio, serão usados os valores padrão (2 - 12 para ""Financiado pelo comerciante"" e 3, 6, 9, 12, 18 para ""Financiado pelo emissor"")."
"All values can be from interval 1 - 12, for example: Range of values 3 - 7 (using "-" as separator). Allowed values not in a row 2, 3, 6, 8, 12 (using "," as separator).", "Todos os valores podem ser do intervalo entre 1-12, por exemplo: Faixa de valores 3-7 (usando "-" como separador). Valores permitidos fora da linha 2, 3, 6, 8, 12 (usando "," como separador)."
"For ""Issuer financed"" Installment type can be only allowed values not in a row from the following: 3, 6, 9, 12, 18.", "Para o tipo de prestação "Financiado pelo emissor" só podem ser permitidos valores não consecutivos a partir do seguinte: 3, 6, 9, 12, 18."
"If empty, then the default values will be used (2 - 12 for "Merchant financed" and 3, 6, 9, 12, 18 for "Issuer financed").", "Se estiver vazio, serão usados os valores padrão (2 - 12 para ""Financiado pelo comerciante"" e 3, 6, 9, 12, 18 para ""Financiado pelo emissor"")."
"Minimum installment amount for order with installments. Here can be filled minimum amount of 1 installment, f.e if we have 5 installments with 20 usd amount of 1 installment, total amount of order in this case is 100 usd", "Valor mínimo da parcela para pedido com parcelamento. Aqui pode ser preenchido valor mínimo de 1 parcela, ou seja, se tivermos 5 parcelas com R$ 20 valor de 1 parcela, o valor total do pedido neste caso é de  R$ 100"
"ZIP / Postal code must be 8 characters", "CEP / código postal deve ter 8 caracteres"
"ZIP / Postal code", "CEP / Código Postal"
"Expiration date","Data de validade"
"Select number of installments","Selecione o número de parcelas"
"MB WAY phone number", "Número de telefone MB WAY"
"MB WAY phone number is invalid", "O número de telefone MB WAY é inválido"
"Please fill out a MB WAY phone number", "Por favor, preencha um número de telefone MB WAY"
"Google merchant ID", "ID do comerciante do Google"
"Your Merchant ID, provided by Google.", "Seu ID de comerciante, fornecido pelo Google."
"Apple merchant ID","ID do comerciante Apple"
"Payment processing certificate","Certificado de processamento de pagamento"
"Merchant identity certificate","Certificado de identidade do comerciante"
"Invalid file format","Formato de arquivo inválido"
"Phone Number is invalid, valid value is from 8 to 18 characters.","O número de telefone é inválido, o valor válido é de 8 a 18 caracteres."
